#{"t_start": 1713952530.025425, "env_id": "AllPassFilterEnv-v0.2"}
r,l,t
-148.12068,4,5.512322
-57.208954,3,5.652081
-116.390661,3,5.806141
-100.0,1,5.89453
-100.0,1,5.984882
-198.805676,2,6.089979
114.486743,7,6.354912
154.913798,8,6.643745
