#{"t_start": 1713235974.0898643, "env_id": "AllPassFilterEnv-v0.1"}
r,l,t
-3660.250413,2000,21.158844
